team,name,id,transfermarktlink,birthday,marketvalue
BSC Young Boys,David von Ballmoos,203124,/david-von-ballmoos/profil/spieler/203124,"Dec 30, 1994",38500000
BSC Young Boys,Marco Wölfli,4860,/marco-wolfli/profil/spieler/4860,"Aug 22, 1982",385000
BSC Young Boys,Dario Marzino,254968,/dario-marzino/profil/spieler/254968,"Sep 19, 1996",165000
BSC Young Boys,Mohamed Camara,426723,/mohamed-camara/profil/spieler/426723,"Aug 28, 1997",33000000
BSC Young Boys,Fabian Lustenberger,42203,/fabian-lustenberger/profil/spieler/42203,"May 2, 1988",27500000
BSC Young Boys,Frederik Sörensen,91716,/frederik-sorensen/profil/spieler/91716,"Apr 14, 1992",16500000
BSC Young Boys,Cédric Zesiger,382478,/cedric-zesiger/profil/spieler/382478,"Jun 24, 1998",825000
BSC Young Boys,Nicolas Bürgy,203895,/nicolas-burgy/profil/spieler/203895,"Aug 7, 1995",550000
BSC Young Boys,Ulisses Garcia,192616,/ulisses-garcia/profil/spieler/192616,"Jan 11, 1996",19250000
BSC Young Boys,Jordan Lotomba,313094,/jordan-lotomba/profil/spieler/313094,"Sep 29, 1998",49500000
BSC Young Boys,Saidy Janko,196435,/saidy-janko/profil/spieler/196435,"Oct 22, 1995",22000000
BSC Young Boys,Christopher Martins Pereira,248054,/christopher-martins-pereira/profil/spieler/248054,"Feb 19, 1997",22000000
BSC Young Boys,Michel Aebischer,237658,/michel-aebischer/profil/spieler/237658,"Jan 6, 1997",49500000
BSC Young Boys,Vincent Sierro,280387,/vincent-sierro/profil/spieler/280387,"Oct 8, 1995",33000000
BSC Young Boys,Sandro Lauper,254965,/sandro-lauper/profil/spieler/254965,"Oct 25, 1996",33000000
BSC Young Boys,Gianluca Gaudino,195051,/gianluca-gaudino/profil/spieler/195051,"Nov 11, 1996",550000
BSC Young Boys,Esteban Petignat,479480,/esteban-petignat/profil/spieler/479480,"May 17, 2000",55000
BSC Young Boys,Christian Fassnacht,250490,/christian-fassnacht/profil/spieler/250490,"Nov 11, 1993",55000000
BSC Young Boys,Marvin Spielmann,192653,/marvin-spielmann/profil/spieler/192653,"Feb 23, 1996",55000000
BSC Young Boys,Miralem Sulejmani,36080,/miralem-sulejmani/profil/spieler/36080,"Dec 5, 1988",49500000
BSC Young Boys,Felix Mambimbi,507496,/felix-mambimbi/profil/spieler/507496,"Jan 18, 2001",495000
BSC Young Boys,Nicolas Moumi Ngamaleu,266768,/nicolas-moumi-ngamaleu/profil/spieler/266768,"Jul 9, 1994",66000000
BSC Young Boys,Roger Assalé,263183,/roger-assale/profil/spieler/263183,"Nov 13, 1993",82500000
BSC Young Boys,Jean-Pierre Nsame,225055,/jean-pierre-nsame/profil/spieler/225055,"May 1, 1993",49500000
BSC Young Boys,Guillaume Hoarau,23934,/guillaume-hoarau/profil/spieler/23934,"Mar 5, 1984",16500000
FC Basel 1893,Jonas Omlin,247915,/jonas-omlin/profil/spieler/247915,Jonas ,66000000
FC Basel 1893,Djordje Nikolic,274344,/djordje-nikolic/profil/spieler/274344,Djordje Ni,11000000
FC Basel 1893,Jozef Pukaj,421809,/jozef-pukaj/profil/spieler/421809,Jozef ,330000
FC Basel 1893,Eray Cömert,298583,/eray-comert/profil/spieler/298583,Eray C,22000000
FC Basel 1893,Emil Bergström,142208,/emil-bergstrom/profil/spieler/142208,Emil Berg,11000000
FC Basel 1893,Omar Alderete,353032,/omar-alderete/profil/spieler/353032,Omar Ald,990000
FC Basel 1893,Yves Kaiser,294595,/yves-kaiser/profil/spieler/294595,Yves K,550000
FC Basel 1893,Konstantinos Dimitriou,348522,/konstantinos-dimitriou/profil/spieler/348522,Konstantinos Dimi,220000
FC Basel 1893,Blas Riveros,401732,/blas-riveros/profil/spieler/401732,Blas Ri,22000000
FC Basel 1893,Raoul Petretta,243878,/raoul-petretta/profil/spieler/243878,Raoul Pet,22000000
FC Basel 1893,Silvan Widmer,168989,/silvan-widmer/profil/spieler/168989,Silvan W,44000000
FC Basel 1893,Taulant Xhaka,113125,/taulant-xhaka/profil/spieler/113125,Taulant ,27500000
FC Basel 1893,Fabian Frei,52595,/fabian-frei/profil/spieler/52595,Fabian,16500000
FC Basel 1893,RamiresRamires Central Midfiel,614328,/ramires/profil/spieler/614328,Ra,44000000
FC Basel 1893,Luca Zuffi,59246,/luca-zuffi/profil/spieler/59246,Luca ,27500000
FC Basel 1893,Zdravko Kuzmanović,25441,/zdravko-kuzmanovi%C4%87/profil/spieler/25441,Zdravko Kuzma,440000
FC Basel 1893,Yannick Marchand,346882,/yannick-marchand/profil/spieler/346882,Yannick Mar,275000
FC Basel 1893,Kevin BuaKevin BuaLeft Midfiel,252080,/kevin-bua/profil/spieler/252080,Kevi,27500000
FC Basel 1893,Valentin Stocker,45178,/valentin-stocker/profil/spieler/45178,Valentin St,16500000
FC Basel 1893,Samuele Campo,183446,/samuele-campo/profil/spieler/183446,Samuele ,27500000
FC Basel 1893,Noah Okafor,346890,/noah-okafor/profil/spieler/346890,Noah O,88000000
FC Basel 1893,Edon Zhegrova,496857,/edon-zhegrova/profil/spieler/496857,Edon Zhe,16500000
FC Basel 1893,Kemal Ademi,333161,/kemal-ademi/profil/spieler/333161,Kemal ,33000000
FC Basel 1893,Ricky van Wolfswinkel,41355,/ricky-van-wolfswinkel/profil/spieler/41355,Ricky van Wolfsw,27500000
FC Basel 1893,Afimico Pululu,410649,/afimico-pululu/profil/spieler/410649,Afimico P,13750000
FC Basel 1893,Arthur CabralArthur CabralCentre-Forwar,390638,/arthur-cabral/profil/spieler/390638,Arthur C,11000000
FC Basel 1893,Tician Tushi,507499,/tician-tushi/profil/spieler/507499,Tician ,330000
FC Basel 1893,Julian Vonmoos,500762,/julian-vonmoos/profil/spieler/500762,Julian Vo,275000
FC Zürich,Yanick Brecher,165532,/yanick-brecher/profil/spieler/165532,Yanick Br,11000000
FC Zürich,Osman Hadzikic,188881,/osman-hadzikic/profil/spieler/188881,Osman Had,550000
FC Zürich,Andris Vanins,15403,/andris-vanins/profil/spieler/15403,Andris V,110000
FC Zürich,Mirlind Kryeziu,265208,/mirlind-kryeziu/profil/spieler/265208,Mirlind Kr,11000000
FC Zürich,Umaru Bangura,38304,/umaru-bangura/profil/spieler/38304,Umaru Ba,770000
FC Zürich,NathanNathanCentre-Bac,339711,/nathan/profil/spieler/339711,N,715000
FC Zürich,Becir Omeragic,507344,/becir-omeragic/profil/spieler/507344,Becir Ome,550000
FC Zürich,Ilan Sauter,507484,/ilan-sauter/profil/spieler/507484,Ilan S,110000
FC Zürich,Levan Kharabadze,412614,/levan-kharabadze/profil/spieler/412614,Levan Khara,13750000
FC Zürich,Pa ModouPa ModouLeft-Bac,66449,/pa-modou/profil/spieler/66449,Pa ,770000
FC Zürich,Kevin Rüegg,290032,/kevin-ruegg/profil/spieler/290032,Kevin ,66000000
FC Zürich,Willie Britto,364307,/willie-britto/profil/spieler/364307,Willie B,110000
FC Zürich,Hekuran Kryeziu,168979,/hekuran-kryeziu/profil/spieler/168979,Hekuran Kr,19250000
FC Zürich,Vasilije Janjicic,265254,/vasilije-janjicic/profil/spieler/265254,Vasilije Jan,13750000
FC Zürich,Sangoné Sarr,351708,/sangone-sarr/profil/spieler/351708,Sangoné,550000
FC Zürich,Simon Sohm,507486,/simon-sohm/profil/spieler/507486,Simon,550000
FC Zürich,Denis Popovic,85574,/denis-popovic/profil/spieler/85574,Denis Po,16500000
FC Zürich,Toni Domgjoni,344649,/toni-domgjoni/profil/spieler/344649,Toni Dom,16500000
FC Zürich,Izer AliuIzer AliuCentral Midfiel,404028,/izer-aliu/profil/spieler/404028,Izer,550000
FC Zürich,Adrian Winter,59681,/adrian-winter/profil/spieler/59681,Adrian W,825000
FC Zürich,Marco Schönbächler,47528,/marco-schonbachler/profil/spieler/47528,Marco Schönbä,550000
FC Zürich,Benjamin Kololli,191486,/benjamin-kololli/profil/spieler/191486,Benjamin Ko,30250000
FC Zürich,Antonio Marchesano,150963,/antonio-marchesano/profil/spieler/150963,Antonio March,11000000
FC Zürich,Lavdim Zumberi,464196,/lavdim-zumberi/profil/spieler/464196,Lavdim Zu,550000
FC Zürich,Mimoun Mahi,216815,/mimoun-mahi/profil/spieler/216815,Mimoun,33000000
FC Zürich,Aiyegun Tosin,239647,/aiyegun-tosin/profil/spieler/239647,Aiyegun ,275000
FC Zürich,Assan Ceesay,388382,/assan-ceesay/profil/spieler/388382,Assan C,770000
FC Zürich,Blaz Kramer,322288,/blaz-kramer/profil/spieler/322288,Blaz K,330000
FC Zürich,Yann Kasai,390122,/yann-kasai/profil/spieler/390122,Yann ,275000
FC Luzern,Marius Müller,118161,/marius-muller/profil/spieler/118161,Marius M,16500000
FC Luzern,Simon Enzler,237664,/simon-enzler/profil/spieler/237664,Simon E,550000
FC Luzern,David Zibung,4914,/david-zibung/profil/spieler/4914,David Z,165000
FC Luzern,Stefan Knezevic,293247,/stefan-knezevic/profil/spieler/293247,Stefan Kne,16500000
FC Luzern,LucasLucasCentre-Bac,190314,/lucas/profil/spieler/190314,,16500000
FC Luzern,Lazar Cirkovic,167075,/lazar-cirkovic/profil/spieler/167075,Lazar Cir,660000
FC Luzern,Marco Burch,479268,/marco-burch/profil/spieler/479268,Marco ,55000
FC Luzern,Silvan Sidler,342063,/silvan-sidler/profil/spieler/342063,Silvan S,11000000
FC Luzern,Otar Kakabadze,214250,/otar-kakabadze/profil/spieler/214250,Otar Kaka,11000000
FC Luzern,Simon Grether,159299,/simon-grether/profil/spieler/159299,Simon Gr,550000
FC Luzern,Christian Schwegler,4931,/christian-schwegler/profil/spieler/4931,Christian Schw,110000
FC Luzern,Idriz Voca,342098,/idriz-voca/profil/spieler/342098,Idriz,44000000
FC Luzern,Marvin Schulz,168678,/marvin-schulz/profil/spieler/168678,Marvin S,16500000
FC Luzern,Remo Arnold,237677,/remo-arnold/profil/spieler/237677,Remo A,550000
FC Luzern,Tsiy William Ndenge,253574,/tsiy-william-ndenge/profil/spieler/253574,Tsiy William N,11000000
FC Luzern,David Mistrafovic,507480,/david-mistrafovic/profil/spieler/507480,David Mistra,110000
FC Luzern,Pascal Schürpf,65290,/pascal-schurpf/profil/spieler/65290,Pascal Sc,13750000
FC Luzern,Ibrahima Ndiaye,457031,/ibrahima-ndiaye/profil/spieler/457031,Ibrahima N,880000
FC Luzern,Eric TiaEric TiaLeft Midfiel,334264,/eric-tia/profil/spieler/334264,Eri,220000
FC Luzern,Ryder Matos,62713,/ryder-matos/profil/spieler/62713,Ryder ,16500000
FC Luzern,Blessing Eleke,348229,/blessing-eleke/profil/spieler/348229,Blessing ,44000000
FC Luzern,Francesco Margiotta,165891,/francesco-margiotta/profil/spieler/165891,Francesco Marg,11000000
FC Luzern,Shkelqim Demhasaj,294583,/shkelqim-demhasaj/profil/spieler/294583,Shkelqim Dem,825000
FC Luzern,Darian Males,507479,/darian-males/profil/spieler/507479,Darian ,385000
FC Luzern,Salah Aziz Binous,511143,/salah-aziz-binous/profil/spieler/511143,Salah Aziz B,110000
FC Sion,Anton Mitryushkin,260677,/anton-mitryushkin/profil/spieler/260677,Anton Mitryu,24750000
FC Sion,Kevin Fickentscher,33651,/kevin-fickentscher/profil/spieler/33651,Kevin Fickent,330000
FC Sion,Timothy Fayulu,541420,/timothy-fayulu/profil/spieler/541420,Timothy F,220000
FC Sion,Raphael Rossi,290271,/raphael-rossi/profil/spieler/290271,Raphael ,19250000
FC Sion,Ayoub Abdellaoui,262208,/ayoub-abdellaoui/profil/spieler/262208,Ayoub Abdel,990000
FC Sion,Jan Bamert,289875,/jan-bamert/profil/spieler/289875,Jan B,825000
FC Sion,Birama Ndoye,237903,/birama-ndoye/profil/spieler/237903,Birama ,550000
FC Sion,Jean RuizJean RuizCentre-Bac,345067,/jean-ruiz/profil/spieler/345067,Jean,440000
FC Sion,Nathanaël Saintini,585950,/nathanael-saintini/profil/spieler/585950,Nathanaël Sai,110000
FC Sion,Mattias Andersson,342407,/mattias-andersson/profil/spieler/342407,Mattias Ande,55000
FC Sion,Bruno Morgado,317583,/bruno-morgado/profil/spieler/317583,Bruno Mo,825000
FC Sion,Mickaël Facchinetti,79392,/mickael-facchinetti/profil/spieler/79392,Mickaël Facchi,770000
FC Sion,Quentin Maceiras,274498,/quentin-maceiras/profil/spieler/274498,Quentin Mac,11000000
FC Sion,Alexandre Nsakala,418656,/alexandre-nsakala/profil/spieler/418656,Alexandre Ns,165000
FC Sion,Xavier Kouassi,132587,/xavier-kouassi/profil/spieler/132587,Xavier Ko,13750000
FC Sion,Alex SongAlex Song Defensive Midfiel,27394,/alex-song/profil/spieler/27394,Alex,550000
FC Sion,Joaquim Adão,122205,/joaquim-adao/profil/spieler/122205,Joaquim,550000
FC Sion,Enzo Barrenechea,671915,/enzo-barrenechea/profil/spieler/671915,Enzo Barren,110000
FC Sion,Pajtim Kasami,130108,/pajtim-kasami/profil/spieler/130108,Pajtim K,33000000
FC Sion,Bastien Toma,390179,/bastien-toma/profil/spieler/390179,Bastien,27500000
FC Sion,Anto Grgic,192637,/anto-grgic/profil/spieler/192637,Anto ,24750000
FC Sion,Christian Zock,337017,/christian-zock/profil/spieler/337017,Christian,550000
FC Sion,Ermir Lenjani,66052,/ermir-lenjani/profil/spieler/66052,Ermir Le,825000
FC Sion,BaltazarBaltazarLeft Midfiel,585346,/baltazar/profil/spieler/585346,Bal,330000
FC Sion,Nasser Daoudou M'Sa,531356,/nasser-daoudou-msa/profil/spieler/531356,Nasser Daoudou,275000
FC Sion,Jared Khasa,425460,/jared-khasa/profil/spieler/425460,Jared ,275000
FC Sion,Seydou Doumbia,75287,/seydou-doumbia/profil/spieler/75287,Seydou Do,16500000
FC Sion,Roberts Uldrikis,342152,/roberts-uldrikis/profil/spieler/342152,Roberts Uld,11000000
FC Sion,Yassin Fortune,342878,/yassin-fortune/profil/spieler/342878,Yassin Fo,550000
FC Sion,ItaitingaItaitingaCentre-Forwar,610123,/itaitinga/profil/spieler/610123,Itai,275000
FC Sion,PhilippePhilippeCentre-Forwar,585347,/philippe/profil/spieler/585347,Phi,110000
FC Sion,Patrick Dos Santos,518676,/patrick-dos-santos/profil/spieler/518676,Patrick Dos S,55000
FC Lugano,Noam Baumann,192605,/noam-baumann/profil/spieler/192605,Noam Ba,22000000
FC Lugano,Lucio Soldini,507450,/lucio-soldini/profil/spieler/507450,Lucio So,275000
FC Lugano,David Da Costa,17302,/david-da-costa/profil/spieler/17302,David Da ,220000
FC Lugano,Alexander Muci,529315,/alexander-muci/profil/spieler/529315,Alexander,220000
FC Lugano,Fabio Daprelà,66109,/fabio-daprela/profil/spieler/66109,Fabio Da,990000
FC Lugano,Eloge YaoEloge YaoCentre-Bac,268590,/eloge-yao/profil/spieler/268590,Elog,825000
FC Lugano,Fulvio Sulmoni,33351,/fulvio-sulmoni/profil/spieler/33351,Fulvio Su,495000
FC Lugano,Mijat Maric,6666,/mijat-maric/profil/spieler/6666,Mijat ,440000
FC Lugano,Ákos Kecskés,204155,/akos-kecskes/profil/spieler/204155,Ákos Ke,330000
FC Lugano,Linus Obexer,254972,/linus-obexer/profil/spieler/254972,Linus O,550000
FC Lugano,Numa Lavanchy,147501,/numa-lavanchy/profil/spieler/147501,Numa Lav,11000000
FC Lugano,Cendrim Kameraj,390173,/cendrim-kameraj/profil/spieler/390173,Cendrim Ka,27500
FC Lugano,Sandi Lovric,268429,/sandi-lovric/profil/spieler/268429,Sandi L,11000000
FC Lugano,Olivier Custodio,183312,/olivier-custodio/profil/spieler/183312,Olivier Cus,825000
FC Lugano,Miroslav Covilo,60452,/miroslav-covilo/profil/spieler/60452,Miroslav C,660000
FC Lugano,Stefano Guidotti,396405,/stefano-guidotti/profil/spieler/396405,Stefano Gui,495000
FC Lugano,Jonathan Sabbatini,102409,/jonathan-sabbatini/profil/spieler/102409,Jonathan Sabb,990000
FC Lugano,Roman Macek,256085,/roman-macek/profil/spieler/256085,Roman ,440000
FC Lugano,Domen Crnigoj,216599,/domen-crnigoj/profil/spieler/216599,Domen Cr,11000000
FC Lugano,Mattia Bottani,86484,/mattia-bottani/profil/spieler/86484,Mattia Bo,16500000
FC Lugano,Marco Aratore,86788,/marco-aratore/profil/spieler/86788,Marco Ar,14300000
FC Lugano,Francisco Rodríguez,227967,/francisco-rodriguez/profil/spieler/227967,Francisco Rodr,550000
FC Lugano,Bálint Vécsei,151658,/balint-vecsei/profil/spieler/151658,Bálint V,11000000
FC Lugano,Franklin Sasere,673971,/franklin-sasere/profil/spieler/673971,Franklin S,55000
FC Lugano,Filip Holender,257528,/filip-holender/profil/spieler/257528,Filip Hol,770000
FC Lugano,Carlinhos JuniorCarlinhos JuniorCentre-Forwar,265666,/carlinhos-junior/profil/spieler/265666,Carlinhos J,33000000
FC Lugano,Alexander Gerndt,45881,/alexander-gerndt/profil/spieler/45881,Alexander G,11000000
FC Lugano,Nicola Dalmonte,301237,/nicola-dalmonte/profil/spieler/301237,Nicola Dal,11000000
FC Thun,Guillaume Faivre,32750,/guillaume-faivre/profil/spieler/32750,Guillaume F,440000
FC Thun,Andreas Hirzel,167189,/andreas-hirzel/profil/spieler/167189,Andreas H,440000
FC Thun,Nino Ziswiler,421794,/nino-ziswiler/profil/spieler/421794,Nino Zis,220000
FC Thun,Diego Berchtold,203888,/diego-berchtold/profil/spieler/203888,Diego Berc,110000
FC Thun,Roy GelmiRoy GelmiCentre-Bac,282520,/roy-gelmi/profil/spieler/282520,Roy ,11000000
FC Thun,Nikki Havenaar,129684,/nikki-havenaar/profil/spieler/129684,Nikki Hav,990000
FC Thun,Nicola Sutter,247223,/nicola-sutter/profil/spieler/247223,Nicola S,935000
FC Thun,Miguel Rodrigues,287549,/miguel-rodrigues/profil/spieler/287549,Miguel Rodr,825000
FC Thun,Timo Righetti,429990,/timo-righetti/profil/spieler/429990,Timo Rig,550000
FC Thun,Nias Hefti,410634,/nias-hefti/profil/spieler/410634,Nias ,825000
FC Thun,Chris Kablan,237986,/chris-kablan/profil/spieler/237986,Chris K,440000
FC Thun,Sven JossSven JossRight-Bac,203115,/sven-joss/profil/spieler/203115,Sven,660000
FC Thun,Stefan Glarner,44661,/stefan-glarner/profil/spieler/44661,Stefan Gl,550000
FC Thun,Kevin Bigler,165732,/kevin-bigler/profil/spieler/165732,Kevin B,440000
FC Thun,Basil Stillhart,269526,/basil-stillhart/profil/spieler/269526,Basil Stil,16500000
FC Thun,Dennis Hediger,64968,/dennis-hediger/profil/spieler/64968,Dennis He,825000
FC Thun,Justin Roth,365134,/justin-roth/profil/spieler/365134,Justin,110000
FC Thun,Grégory Karlen,183447,/gregory-karlen/profil/spieler/183447,Grégory K,11000000
FC Thun,Levin Wanner,365123,/levin-wanner/profil/spieler/365123,Levin W,55000
FC Thun,Matteo Tosetti,111453,/matteo-tosetti/profil/spieler/111453,Matteo To,19250000
FC Thun,Dennis Salanovic,294742,/dennis-salanovic/profil/spieler/294742,Dennis Sala,825000
FC Thun,Kenan Fatkic,491963,/kenan-fatkic/profil/spieler/491963,Kenan F,825000
FC Thun,Miguel Castroman,183309,/miguel-castroman/profil/spieler/183309,Miguel Cast,770000
FC Thun,Uros Vasic,507487,/uros-vasic/profil/spieler/507487,Uros ,275000
FC Thun,Simone Rapp,154635,/simone-rapp/profil/spieler/154635,Simone,11000000
FC Thun,Saleh Chihadeh,196220,/saleh-chihadeh/profil/spieler/196220,Saleh Chi,660000
FC Thun,Ridge Munsy,51497,/ridge-munsy/profil/spieler/51497,Ridge ,330000
FC St. Gallen 1879,Dejan Stojanovic,115989,/dejan-stojanovic/profil/spieler/115989,Dejan Stoja,660000
FC St. Gallen 1879,Jonathan Klinsmann,334992,/jonathan-klinsmann/profil/spieler/334992,Jonathan Klin,165000
FC St. Gallen 1879,Nico Strübi,346896,/nico-strubi/profil/spieler/346896,Nico S,55000
FC St. Gallen 1879,Leonidas Stergiou,507345,/leonidas-stergiou/profil/spieler/507345,Leonidas Ste,825000
FC St. Gallen 1879,Musah Nuhu,477681,/musah-nuhu/profil/spieler/477681,Musah,550000
FC St. Gallen 1879,Yannis Letard,590280,/yannis-letard/profil/spieler/590280,Yannis L,550000
FC St. Gallen 1879,Adonis Ajeti,223380,/adonis-ajeti/profil/spieler/223380,Adonis ,385000
FC St. Gallen 1879,Milan Vilotic,46707,/milan-vilotic/profil/spieler/46707,Milan Vi,330000
FC St. Gallen 1879,Alain Wiss,58165,/alain-wiss/profil/spieler/58165,Alain,275000
FC St. Gallen 1879,Miro Muheim,298603,/miro-muheim/profil/spieler/298603,Miro M,550000
FC St. Gallen 1879,Slimen Kchouk,209557,/slimen-kchouk/profil/spieler/209557,Slimen K,330000
FC St. Gallen 1879,Silvan Hefti,237666,/silvan-hefti/profil/spieler/237666,Silvan ,27500000
FC St. Gallen 1879,Nicolas Lüchinger,183260,/nicolas-luchinger/profil/spieler/183260,Nicolas Lüch,825000
FC St. Gallen 1879,Vincent Rüfli,23874,/vincent-rufli/profil/spieler/23874,Vincent ,660000
FC St. Gallen 1879,Jordi Quintillà,166679,/jordi-quintilla/profil/spieler/166679,Jordi Quin,11000000
FC St. Gallen 1879,Fabiano AlvesFabiano AlvesDefensive Midfiel,347398,/fabiano-alves/profil/spieler/347398,Fabiano ,275000
FC St. Gallen 1879,Betim Fazliji,410636,/betim-fazliji/profil/spieler/410636,Betim Fa,55000
FC St. Gallen 1879,Lukas Görtler,179638,/lukas-gortler/profil/spieler/179638,Lukas Gö,550000
FC St. Gallen 1879,Tim Staubli,346894,/tim-staubli/profil/spieler/346894,Tim St,385000
FC St. Gallen 1879,Víctor Ruiz,336857,/victor-ruiz/profil/spieler/336857,Víctor,770000
FC St. Gallen 1879,Alessandro Kräuchi,289892,/alessandro-krauchi/profil/spieler/289892,Alessandro Kr,110000
FC St. Gallen 1879,Moreno Costanzo,41207,/moreno-costanzo/profil/spieler/41207,Moreno Cos,550000
FC St. Gallen 1879,André Ribeiro,342482,/andre-ribeiro/profil/spieler/342482,André Ri,385000
FC St. Gallen 1879,Fabio Solimando,507463,/fabio-solimando/profil/spieler/507463,Fabio Soli,55000
FC St. Gallen 1879,Axel Bakayoko,354898,/axel-bakayoko/profil/spieler/354898,Axel Bak,19250000
FC St. Gallen 1879,Cedric Itten,243856,/cedric-itten/profil/spieler/243856,Cedric ,13750000
FC St. Gallen 1879,Ermedin Demirovic,335457,/ermedin-demirovic/profil/spieler/335457,Ermedin Demi,11000000
FC St. Gallen 1879,Jérémy Guillemenot,290016,/jeremy-guillemenot/profil/spieler/290016,Jérémy Guille,550000
FC St. Gallen 1879,Boris Babic,237660,/boris-babic/profil/spieler/237660,Boris ,330000
FC St. Gallen 1879,Angelo Campos,421821,/angelo-campos/profil/spieler/421821,Angelo C,55000
Servette FC,Joël Kiassumbua,111423,/joel-kiassumbua/profil/spieler/111423,Joël Kiass,550000
Servette FC,Jérémy Frick,170344,/jeremy-frick/profil/spieler/170344,Jérémy ,495000
Servette FC,Joao Castanheira,287490,/joao-castanheira/profil/spieler/287490,Joao Castan,110000
Servette FC,Vincent Sasso,122115,/vincent-sasso/profil/spieler/122115,Vincent ,16500000
Servette FC,Steve Rouiller,88404,/steve-rouiller/profil/spieler/88404,Steve Rou,715000
Servette FC,Christopher Routis,153776,/christopher-routis/profil/spieler/153776,Christopher R,385000
Servette FC,Rayan Souici,324727,/rayan-souici/profil/spieler/324727,Rayan S,165000
Servette FC,Nicolas Vouilloz,507488,/nicolas-vouilloz/profil/spieler/507488,Nicolas Vou,110000
Servette FC,Yoan Severin,340065,/yoan-severin/profil/spieler/340065,Yoan Se,440000
Servette FC,Dennis Iapichino,123711,/dennis-iapichino/profil/spieler/123711,Dennis Iapi,385000
Servette FC,Robin Busset,421810,/robin-busset/profil/spieler/421810,Robin B,82500
Servette FC,Anthony Sauthier,69899,/anthony-sauthier/profil/spieler/69899,Anthony Sau,715000
Servette FC,Michael Gonçalves,183313,/michael-goncalves/profil/spieler/183313,Michael Gonç,440000
Servette FC,Kastriot Imeri,469957,/kastriot-imeri/profil/spieler/469957,Kastriot ,13750000
Servette FC,Gaël Ondoua,322309,/gael-ondoua/profil/spieler/322309,Gaël O,770000
Servette FC,Boris Cespedes,183311,/boris-cespedes/profil/spieler/183311,Boris Ces,935000
Servette FC,Timothé Cognat,324796,/timothe-cognat/profil/spieler/324796,Timothé C,495000
Servette FC,Andrea Maccoppi,76113,/andrea-maccoppi/profil/spieler/76113,Andrea Mac,330000
Servette FC,Mathis Holcbecher,507469,/mathis-holcbecher/profil/spieler/507469,Mathis Holcb,110000
Servette FC,Ricardo Azevedo,507466,/ricardo-azevedo/profil/spieler/507466,Ricardo Az,110000
Servette FC,Miroslav Stevanovic,75816,/miroslav-stevanovic/profil/spieler/75816,Miroslav Steva,11000000
Servette FC,Sébastien Wüthrich,52744,/sebastien-wuthrich/profil/spieler/52744,Sébastien Wüt,550000
Servette FC,Steven Lang,59080,/steven-lang/profil/spieler/59080,Steven,330000
Servette FC,Varol Tasar,310361,/varol-tasar/profil/spieler/310361,Varol ,825000
Servette FC,Mychell Chagas,66096,/mychell-chagas/profil/spieler/66096,Mychell C,770000
Servette FC,Koro Koné,61005,/koro-kone/profil/spieler/61005,Koro,660000
Servette FC,Grejohn Kyei,321647,/grejohn-kyei/profil/spieler/321647,Grejohn,660000
Servette FC,Alex Schalk,186228,/alex-schalk/profil/spieler/186228,Alex S,495000
Neuchâtel Xamax FCS,Matthias Minder,195383,/matthias-minder/profil/spieler/195383,Matthias M,275000
Neuchâtel Xamax FCS,Laurent Walthert,9556,/laurent-walthert/profil/spieler/9556,Laurent Wal,220000
Neuchâtel Xamax FCS,Basil Sinzig,479476,/basil-sinzig/profil/spieler/479476,Basil S,55000
Neuchâtel Xamax FCS,Marcis Oss,159124,/marcis-oss/profil/spieler/159124,Marci,880000
Neuchâtel Xamax FCS,Arbenit Xhemajli,354155,/arbenit-xhemajli/profil/spieler/354155,Arbenit Xhe,825000
Neuchâtel Xamax FCS,André Neitzke,164646,/andre-neitzke/profil/spieler/164646,André Ne,550000
Neuchâtel Xamax FCS,Igor Djuric,33756,/igor-djuric/profil/spieler/33756,Igor D,275000
Neuchâtel Xamax FCS,Léo Farine,311687,/leo-farine/profil/spieler/311687,Léo F,165000
Neuchâtel Xamax FCS,Janick Kamber,111420,/janick-kamber/profil/spieler/111420,Janick K,550000
Neuchâtel Xamax FCS,Mike Gomes,69462,/mike-gomes/profil/spieler/69462,Mike ,495000
Neuchâtel Xamax FCS,Léo Seydoux,313097,/leo-seydoux/profil/spieler/313097,Léo Se,385000
Neuchâtel Xamax FCS,Pietro Di Nardo,65632,/pietro-di-nardo/profil/spieler/65632,Pietro Di ,550000
Neuchâtel Xamax FCS,Freddy Mveng,134618,/freddy-mveng/profil/spieler/134618,Freddy ,550000
Neuchâtel Xamax FCS,Safet Alic,443424,/safet-alic/profil/spieler/443424,Safet,110000
Neuchâtel Xamax FCS,Noha Sylvestre,290488,/noha-sylvestre/profil/spieler/290488,Noha Sylv,55000
Neuchâtel Xamax FCS,Thibault Corbaz,147040,/thibault-corbaz/profil/spieler/147040,Thibault C,605000
Neuchâtel Xamax FCS,Dilan Qela,443429,/dilan-qela/profil/spieler/443429,Dilan,110000
Neuchâtel Xamax FCS,Maren Haile-Selassie,421807,/maren-haile-selassie/profil/spieler/421807,Maren Haile-Sel,660000
Neuchâtel Xamax FCS,Charles-André Doudin,32444,/charles-andre-doudin/profil/spieler/32444,Charles-André D,550000
Neuchâtel Xamax FCS,Liridon Mulaj,421789,/liridon-mulaj/profil/spieler/421789,Liridon ,495000
Neuchâtel Xamax FCS,Samir Ramizi,215837,/samir-ramizi/profil/spieler/215837,Samir R,440000
Neuchâtel Xamax FCS,Dylan Dugourd,309947,/dylan-dugourd/profil/spieler/309947,Dylan Du,55000
Neuchâtel Xamax FCS,Raphaël Nuzzolo,32574,/raphael-nuzzolo/profil/spieler/32574,Raphaël Nu,825000
Neuchâtel Xamax FCS,Taulant Seferi,254985,/taulant-seferi/profil/spieler/254985,Taulant S,495000
Neuchâtel Xamax FCS,Gaëtan Karlen,166400,/gaetan-karlen/profil/spieler/166400,Gaëtan K,440000
